Phase2_TAZ,CBM18_TAZ
9,1
8,2
14,3
19,4
3,5
1,6
4,7
10,8
21,9
17,10
23,11
24,12
26,13
37,14
87,15
101,16
28,17
30,18
34,19
36,20
46,21
32,22
33,23
63,24
72,25
65,26
59,27
62,28
66,29
84,30
96,31
93,32
88,33
83,34
99,35
103,36
105,37
98,38
51,39
54,40
57,41
49,42
55,43
68,44
74,45
78,46
73,47
80,48
89,49
90,50
94,51
39,52
42,53
48,54
64,55
75,56
77,57
86,58
92,59
45,60
50,61
53,62
69,63
70,64
82,65
91,66
47,67
60,68
106,69
107,70
113,71
114,72
119,73
132,74
148,75
112,76
115,77
118,78
122,79
131,80
127,81
143,82
108,83
111,84
116,85
117,86
121,87
120,88
125,89
133,90
154,91
164,92
171,93
146,94
150,95
158,96
163,97
167,98
170,99
126,100
129,101
137,102
142,103
141,104
147,105
145,106
151,107
152,108
155,109
156,110
157,111
160,112
166,113
140,114
138,115
144,116
153,117
159,118
168,119
165,120
174,121
186,122
193,123
178,124
182,125
187,126
173,127
177,128
181,129
188,130
194,131
185,132
191,133
190,134
189,135
195,136
183,137
203,138
202,139
207,140
208,141
212,142
213,143
220,144
200,145
200,146
211,147
214,148
221,149
198,150
209,151
222,152
233,153
243,154
250,155
252,156
255,157
257,158
258,159
265,160
263,161
267,162
273,163
205,164
239,165
256,166
268,167
270,168
234,169
237,170
259,171
218,172
224,173
225,174
228,175
232,176
242,177
241,178
226,179
230,180
238,181
246,182
283,183
289,184
278,185
279,186
284,187
323,188
350,189
366,190
366,191
315,192
331,193
362,194
324,195
343,196
360,197
309,198
354,199
296,200
317,201
332,202
337,203
347,204
351,205
364,206
299,207
312,208
322,209
330,210
329,211
341,212
352,213
357,214
363,215
301,216
307,217
316,218
328,219
333,220
345,221
353,222
361,223
359,224
298,225
304,226
310,227
313,228
321,229
320,230
325,231
327,232
336,233
346,234
348,235
297,236
305,237
302,238
314,239
326,240
339,241
349,242
375,243
387,244
395,245
405,246
410,247
417,248
420,249
424,250
433,251
444,252
378,253
370,254
377,255
388,256
399,257
398,258
402,259
414,260
416,261
421,262
428,263
435,264
367,265
384,266
397,267
365,268
389,269
392,270
404,271
425,272
311,273
319,274
334,275
355,276
368,277
383,278
401,279
403,280
412,281
422,282
436,283
340,284
358,285
373,286
382,287
393,288
415,289
418,290
431,291
448,292
471,293
492,294
505,295
453,296
497,297
442,298
457,299
473,300
489,301
502,302
437,303
454,304
461,305
490,306
488,307
503,308
508,309
515,310
516,311
519,312
456,313
475,314
487,315
500,316
512,317
518,318
447,319
466,320
484,321
498,322
511,323
459,324
496,325
509,326
458,327
479,328
474,329
483,330
451,331
491,332
450,333
449,334
462,335
480,336
494,337
452,338
469,339
476,340
495,341
506,342
374,343
369,344
380,345
391,346
385,347
394,348
406,349
413,350
419,351
426,352
434,353
376,354
386,355
408,356
423,357
432,358
441,359
439,360
532,361
520,362
522,363
525,364
533,365
534,366
549,367
551,368
563,369
574,370
577,371
589,372
524,373
530,374
538,375
548,376
541,377
550,378
560,379
562,380
573,381
569,382
580,383
528,384
526,385
535,386
542,387
558,388
557,389
570,390
568,391
584,392
585,393
587,394
523,395
531,396
537,397
543,398
554,399
588,400
565,401
572,402
583,403
592,404
591,405
603,406
594,407
595,408
601,409
602,410
608,411
597,412
604,413
610,414
607,415
600,416
605,417
611,418
616,419
621,420
606,421
614,422
609,423
615,424
620,425
618,426
622,427
624,428
527,429
553,430
576,431
593,432
529,433
552,434
579,435
596,436
521,437
539,438
564,439
590,440
638,441
628,442
630,443
634,444
631,445
637,446
643,447
644,448
649,449
629,450
633,451
642,452
640,453
646,454
654,455
653,456
639,457
641,458
645,459
652,460
651,461
650,462
662,463
672,464
655,465
660,466
658,467
661,468
666,469
668,470
674,471
677,472
688,473
659,474
663,475
671,476
656,477
665,478
673,479
681,480
678,481
683,482
691,483
693,484
697,485
679,486
684,487
692,488
699,489
703,490
670,491
682,492
689,493
690,494
694,495
702,496
704,497
686,498
700,499
696,500
701,501
706,502
710,503
705,504
713,505
712,506
711,507
714,508
719,509
725,510
723,511
727,512
732,513
721,514
718,515
726,516
728,517
730,518
731,519
717,520
734,521
735,522
739,523
741,524
742,525
744,526
746,527
748,528
749,529
750,530
754,531
763,532
769,533
784,534
796,535
822,536
751,537
753,538
776,539
783,540
794,541
804,542
807,543
819,544
755,545
760,546
756,547
757,548
767,549
765,550
782,551
758,552
762,553
766,554
771,555
774,556
787,557
790,558
793,559
803,560
802,561
770,562
777,563
791,564
795,565
797,566
816,567
801,568
809,569
805,570
814,571
824,572
820,573
831,574
830,575
838,576
849,577
836,578
844,579
846,580
854,581
843,582
855,583
859,584
845,585
852,586
781,587
788,588
798,589
810,590
828,591
792,592
808,593
818,594
832,595
800,596
815,597
835,598
806,599
826,600
823,601
833,602
841,603
840,604
850,605
853,606
856,607
860,608
861,609
851,610
857,611
862,612
863,613
874,614
889,615
916,616
932,617
953,618
1066,619
969,620
1016,621
1040,622
1064,623
1063,624
1099,625
1154,626
1190,627
978,628
993,629
998,630
1013,631
1039,632
1031,633
1061,634
1073,635
1096,636
1104,637
1115,638
1022,639
1038,640
1046,641
1045,642
1067,643
1085,644
1070,645
1086,646
1113,647
1114,648
1151,649
1142,650
1161,651
1182,652
1208,653
865,654
866,655
867,656
869,657
868,658
875,659
887,660
870,661
871,662
872,663
878,664
873,665
881,666
876,667
877,668
884,669
890,670
893,671
914,672
913,673
924,674
926,675
949,676
906,677
907,678
922,679
921,680
951,681
929,682
945,683
957,684
970,685
992,686
939,687
950,688
958,689
984,690
962,691
979,692
1001,693
1017,694
1041,695
1069,696
1095,697
931,698
946,699
955,700
968,701
966,702
980,703
987,704
1020,705
1071,706
1068,707
1092,708
1074,709
1080,710
1105,711
1121,712
1150,713
1187,714
1185,715
1102,716
1123,717
1148,718
1149,719
1184,720
1100,721
1119,722
1158,723
1137,724
1157,725
1172,726
1103,727
1111,728
1136,729
1153,730
1156,731
1171,732
1201,733
880,734
885,735
888,736
892,737
896,738
886,739
891,740
902,741
897,742
908,743
918,744
920,745
923,746
928,747
943,748
948,749
956,750
959,751
905,752
904,753
947,754
961,755
960,756
976,757
1000,758
1021,759
1047,760
972,761
985,762
1009,763
1035,764
1060,765
983,766
1010,767
1026,768
1042,769
1062,770
975,771
994,772
1008,773
1030,774
1101,775
1122,776
1126,777
1141,778
1139,779
1160,780
1155,781
1166,782
1199,783
1181,784
1081,785
1112,786
1110,787
1140,788
1159,789
1180,790
1178,791
1072,792
1088,793
1116,794
1145,795
1177,796
1175,797
837,798
894,799
900,800
903,801
910,802
917,803
919,804
938,805
937,806
942,807
938,808
912,809
925,810
963,811
964,812
982,813
997,814
988,815
1015,816
1011,817
1032,818
1056,819
1053,820
1055,821
1058,822
1033,823
1037,824
1059,825
1048,826
1051,827
1050,828
1024,829
1057,830
1034,831
1054,832
1079,833
1108,834
1144,835
1179,836
1075,837
1118,838
1117,839
1107,840
1143,841
1163,842
1197,843
1169,844
1173,845
1207,846
1078,847
1106,848
1134,849
1170,850
1210,851
1090,852
1132,853
1168,854
1204,855
1211,856
1089,857
1133,858
1130,859
1167,860
1206,861
1212,862
1087,863
1131,864
1198,865
1213,866
1094,867
1164,868
941,869
967,870
965,871
991,872
1003,873
1014,874
927,875
934,876
954,877
981,878
1002,879
1012,880
1084,881
1120,882
1165,883
1203,884
1083,885
1128,886
1194,887
1193,888
1082,889
1129,890
1192,891
1191,892
1097,893
1093,894
1186,895
1196,896
1188,897
1174,898
1215,899
1217,900
1216,901
1220,902
1227,903
1231,904
1252,905
1251,906
1270,907
1286,908
1295,909
1309,910
1310,911
1323,912
1321,913
1340,914
1221,915
1232,916
1259,917
1281,918
1291,919
1219,920
1225,921
1290,922
1293,923
1306,924
1315,925
1338,926
1327,927
1350,928
1369,929
1301,930
1320,931
1319,932
1337,933
1336,934
1349,935
1356,936
1365,937
1308,938
1307,939
1325,940
1324,941
1345,942
1363,943
1368,944
1304,945
1346,946
1364,947
1398,948
1393,949
1389,950
1375,951
1384,952
1399,953
1387,954
1383,955
1394,956
1224,957
1226,958
1243,959
1241,960
1264,961
1263,962
1284,963
1230,964
1266,965
1276,966
1294,967
1317,968
1318,969
1326,970
1334,971
1335,972
1341,973
1351,974
1361,975
1367,976
1371,977
1288,978
1300,979
1316,980
1333,981
1332,982
1352,983
1358,984
1373,985
1370,986
1376,987
1382,988
1395,989
1392,990
1223,991
1228,992
1237,993
1245,994
1272,995
1271,996
1233,997
1250,998
1269,999
1247,1000
1257,1001
1278,1002
1287,1003
1296,1004
1298,1005
1297,1006
1256,1007
1265,1008
1285,1009
1299,1010
1258,1011
1277,1012
1267,1013
1283,1014
1262,1015
1282,1016
1311,1017
1314,1018
1331,1019
1339,1020
1342,1021
1362,1022
1348,1023
1328,1024
1322,1025
1354,1026
1357,1027
1353,1028
1366,1029
1372,1030
1374,1031
1380,1032
1379,1033
1396,1034
1397,1035
1406,1036
1405,1037
1403,1038
1402,1039
1404,1040
1385,1041
1386,1042
1423,1043
1424,1044
1430,1045
1428,1046
1437,1047
1448,1048
1462,1049
1427,1050
1433,1051
1434,1052
1438,1053
1439,1054
1449,1055
1451,1056
1460,1057
1461,1058
1414,1059
1426,1060
1435,1061
1442,1062
1447,1063
1453,1064
1457,1065
1431,1066
1446,1067
1443,1068
1492,1069
1483,1070
1496,1071
1479,1072
1499,1073
1482,1074
1497,1075
1508,1076
1517,1077
1516,1078
1524,1079
1532,1080
1533,1081
1534,1082
1540,1083
1541,1084
1546,1085
1553,1086
1551,1087
1511,1088
1510,1089
1523,1090
1521,1091
1544,1092
1542,1093
1550,1094
1549,1095
1556,1096
1421,1097
1415,1098
1410,1099
1418,1100
1429,1101
1408,1102
1411,1103
1412,1104
1413,1105
1419,1106
1425,1107
1454,1108
1458,1109
1464,1110
1465,1111
1469,1112
1409,1113
1416,1114
1444,1115
1440,1116
1455,1117
1468,1118
1467,1119
1481,1120
1478,1121
1494,1122
1477,1123
1475,1124
1501,1125
1502,1126
1513,1127
1518,1128
1520,1129
1522,1130
1526,1131
1528,1132
1529,1133
1537,1134
1538,1135
1491,1136
1515,1137
1519,1138
1525,1139
1527,1140
1545,1141
1485,1142
1476,1143
1484,1144
1493,1145
1495,1146
1507,1147
1506,1148
1459,1149
1473,1150
1471,1151
1490,1152
1487,1153
1505,1154
1504,1155
1486,1156
1503,1157
1531,1158
1531,1159
1588,1160
1582,1161
1601,1162
1621,1163
1619,1164
1638,1165
1649,1166
1655,1167
1658,1168
1579,1169
1593,1170
1597,1171
1607,1172
1614,1173
1613,1174
1629,1175
1646,1176
1584,1177
1611,1178
1622,1179
1636,1180
1560,1181
1561,1182
1569,1183
1568,1184
1574,1185
1580,1186
1596,1187
1624,1188
1669,1189
1677,1190
1690,1191
1650,1192
1663,1193
1674,1194
1687,1195
1698,1196
1651,1197
1661,1198
1673,1199
1692,1200
1691,1201
1705,1202
1567,1203
1591,1204
1605,1205
1558,1206
1566,1207
1565,1208
1592,1209
1572,1210
1595,1211
1608,1212
1610,1213
1625,1214
1564,1215
1577,1216
1594,1217
1609,1218
1623,1219
1633,1220
1643,1221
1645,1222
1657,1223
1563,1224
1571,1225
1583,1226
1590,1227
1599,1228
1618,1229
1627,1230
1635,1231
1641,1232
1653,1233
1573,1234
1587,1235
1586,1236
1606,1237
1604,1238
1617,1239
1626,1240
1634,1241
1642,1242
1652,1243
1662,1244
1581,1245
1602,1246
1615,1247
1631,1248
1647,1249
1616,1250
1637,1251
1648,1252
1620,1253
1659,1254
1682,1255
1697,1256
1680,1257
1704,1258
1706,1259
1708,1260
1709,1261
1710,1262
1656,1263
1666,1264
1664,1265
1671,1266
1675,1267
1679,1268
1689,1269
1703,1270
1665,1271
1668,1272
1678,1273
1688,1274
1694,1275
1700,1276
1702,1277
1660,1278
1670,1279
1672,1280
1676,1281
1695,1282
1681,1283
1686,1284
1701,1285
1803,1286
1802,1287
1789,1288
1805,1289
1767,1290
1782,1291
1799,1292
1768,1293
1794,1294
1835,1295
1822,1296
1827,1297
1868,1298
1892,1299
1898,1300
1909,1301
1927,1302
1925,1303
1917,1304
1911,1305
1934,1306
1852,1307
1878,1308
1889,1309
1907,1310
1897,1311
1919,1312
1916,1313
1938,1314
1825,1315
1855,1316
1873,1317
1884,1318
1910,1319
1902,1320
1932,1321
1831,1322
1859,1323
1880,1324
1887,1325
1922,1326
1959,1327
1949,1328
1966,1329
1976,1330
1980,1331
1946,1332
1947,1333
1967,1334
1965,1335
1978,1336
1992,1337
1993,1338
2009,1339
1953,1340
1954,1341
1977,1342
1996,1343
1998,1344
2004,1345
2010,1346
2007,1347
2016,1348
1964,1349
1961,1350
1982,1351
1994,1352
1999,1353
2013,1354
2020,1355
2017,1356
2022,1357
2029,1358
2027,1359
2033,1360
2032,1361
2021,1362
2026,1363
2031,1364
2023,1365
2025,1366
2030,1367
2028,1368
2024,1369
1754,1370
1764,1371
1755,1372
1790,1373
1774,1374
1736,1375
1731,1376
1752,1377
1742,1378
1770,1379
1778,1380
1795,1381
1820,1382
1865,1383
1867,1384
1944,1385
1735,1386
1732,1387
1758,1388
1757,1389
1766,1390
1781,1391
1798,1392
1733,1393
1756,1394
1773,1395
1800,1396
1737,1397
1972,1398
2001,1399
2008,1400
2014,1401
2019,1402
1988,1403
2006,1404
2018,1405
1713,1406
1730,1407
1746,1408
1721,1409
1744,1410
1722,1411
1743,1412
1715,1413
1741,1414
1740,1415
1718,1416
1734,1417
1759,1418
1775,1419
1788,1420
1806,1421
1821,1422
1712,1423
1711,1424
1753,1425
1748,1426
1779,1427
1777,1428
1796,1429
1819,1430
1814,1431
1716,1432
1772,1433
1771,1434
1801,1435
1792,1436
1787,1437
1811,1438
1845,1439
1856,1440
1784,1441
1783,1442
1813,1443
1840,1444
1818,1445
1866,1446
1823,1447
1832,1448
1846,1449
1860,1450
1872,1451
1894,1452
1830,1453
1850,1454
1869,1455
1871,1456
1891,1457
1893,1458
1875,1459
1896,1460
1914,1461
1912,1462
1939,1463
1929,1464
1950,1465
1963,1466
1960,1467
1974,1468
1915,1469
1933,1470
1941,1471
1936,1472
1923,1473
1928,1474
1957,1475
1969,1476
1983,1477
1991,1478
1995,1479
2002,1480
2005,1481
2011,1482
2015,1483
1987,1484
1997,1485
2003,1486
1921,1487
1943,1488
1958,1489
1975,1490
1952,1491
1971,1492
1847,1493
1854,1494
1874,1495
1876,1496
1901,1497
1904,1498
1940,1499
1848,1500
1844,1501
1857,1502
1870,1503
1890,1504
1908,1505
1935,1506
1895,1507
1924,1508
1968,1509
1984,1510
1986,1511
1751,1512
1791,1513
1816,1514
1726,1515
1725,1516
1762,1517
1817,1518
1838,1519
1717,1520
1719,1521
1760,1522
1833,1523
1861,1524
1879,1525
1899,1526
1903,1527
1931,1528
1942,1529
1962,1530
1862,1531
1877,1532
1906,1533
1926,1534
1948,1535
1765,1536
1797,1537
1750,1538
1785,1539
1808,1540
1839,1541
1841,1542
1858,1543
1864,1544
1882,1545
1888,1546
1905,1547
1763,1548
1786,1549
1809,1550
1842,1551
1883,1552
1815,1553
1837,1554
1881,1555
1930,1556
2035,1557
1918,1558
2124,1559
2161,1560
2118,1561
2138,1562
2102,1563
2125,1564
2121,1565
2154,1566
2142,1567
2172,1568
2087,1569
2100,1570
2095,1571
2105,1572
2113,1573
2128,1574
2146,1575
2189,1576
2155,1577
2166,1578
2204,1579
2173,1580
2188,1581
2186,1582
2208,1583
2181,1584
2196,1585
2203,1586
2176,1587
2192,1588
2197,1589
2218,1590
2226,1591
2228,1592
2207,1593
2216,1594
2224,1595
2134,1596
2156,1597
2165,1598
2114,1599
2141,1600
2167,1601
2174,1602
2168,1603
2180,1604
2190,1605
2201,1606
2169,1607
2179,1608
2195,1609
2198,1610
2205,1611
2213,1612
2219,1613
2223,1614
2209,1615
2194,1616
2199,1617
2206,1618
2215,1619
2222,1620
2202,1621
2212,1622
2214,1623
2220,1624
2037,1625
2039,1626
2041,1627
2045,1628
2048,1629
2036,1630
2040,1631
2049,1632
2038,1633
2046,1634
2057,1635
2077,1636
2063,1637
2061,1638
2073,1639
2078,1640
2085,1641
2050,1642
2059,1643
2058,1644
2071,1645
2066,1646
2084,1647
2096,1648
2111,1649
2135,1650
2149,1651
2092,1652
2103,1653
2116,1654
2137,1655
2152,1656
2171,1657
2093,1658
2109,1659
2108,1660
2139,1661
2130,1662
2153,1663
2112,1664
2131,1665
2123,1666
2133,1667
2136,1668
2088,1669
2097,1670
2094,1671
2101,1672
2107,1673
2127,1674
2148,1675
2143,1676
2147,1677
2163,1678
2164,1679
2160,1680
2184,1681
2182,1682
2110,1683
2115,1684
2126,1685
2150,1686
2151,1687
2129,1688
2145,1689
2065,1690
2083,1691
2089,1692
2056,1693
2064,1694
2072,1695
2086,1696
2098,1697
2054,1698
2062,1699
2043,1700
2055,1701
2060,1702
2069,1703
2081,1704
2042,1705
2051,1706
2070,1707
2052,1708
2233,1709
2241,1710
2247,1711
2268,1712
2275,1713
2285,1714
2231,1715
2236,1716
2246,1717
2250,1718
2252,1719
2258,1720
2263,1721
2272,1722
2278,1723
2273,1724
2296,1725
2300,1726
2303,1727
2304,1728
2290,1729
2293,1730
2292,1731
2302,1732
2294,1733
2279,1734
2286,1735
2291,1736
2274,1737
2281,1738
2288,1739
2234,1740
2243,1741
2249,1742
2262,1743
2232,1744
2244,1745
2257,1746
2265,1747
2230,1748
2240,1749
2248,1750
2259,1751
2229,1752
2235,1753
2245,1754
2238,1755
2242,1756
2237,1757
2277,1758
2284,1759
2264,1760
2276,1761
2254,1762
2253,1763
2396,1764
2391,1765
2386,1766
2403,1767
2366,1768
2355,1769
2350,1770
2362,1771
2393,1772
2412,1773
2426,1774
2433,1775
2316,1776
2331,1777
2310,1778
2309,1779
2312,1780
2330,1781
2343,1782
2348,1783
2364,1784
2306,1785
2311,1786
2327,1787
2347,1788
2374,1789
2400,1790
2334,1791
2346,1792
2365,1793
2387,1794
2399,1795
2345,1796
2344,1797
2363,1798
2376,1799
2390,1800
2342,1801
2351,1802
2368,1803
2373,1804
2392,1805
2439,1806
2407,1807
2427,1808
2424,1809
2441,1810
2443,1811
2401,1812
2417,1813
2425,1814
2431,1815
2429,1816
2442,1817
2445,1818
2444,1819
2388,1820
2377,1821
2385,1822
2402,1823
2406,1824
2422,1825
2430,1826
2436,1827
2438,1828
2404,1829
2408,1830
2415,1831
2308,1832
2332,1833
2340,1834
2320,1835
2336,1836
2354,1837
2369,1838
2318,1839
2325,1840
2323,1841
2339,1842
2338,1843
2361,1844
2353,1845
2359,1846
2395,1847
2384,1848
2322,1849
2333,1850
2341,1851
2352,1852
2358,1853
2372,1854
2383,1855
2382,1856
2454,1857
2462,1858
2452,1859
2410,1860
2410,1861
2423,1862
2419,1863
2434,1864
2428,1865
2437,1866
2447,1867
2453,1868
2455,1869
2458,1870
2466,1871
2409,1872
2421,1873
2420,1874
2432,1875
2446,1876
2451,1877
2459,1878
2460,1879
2465,1880
2463,1881
2464,1882
2461,1883
2468,1884
2467,1885
2469,1886
2472,1887
2471,1888
2478,1889
2470,1890
2493,1891
2523,1892
2547,1893
2486,1894
2484,1895
2511,1896
2554,1897
2560,1898
2540,1899
2539,1900
2557,1901
2572,1902
2595,1903
2536,1904
2549,1905
2570,1906
2588,1907
2607,1908
2548,1909
2564,1910
2571,1911
2587,1912
2474,1913
2479,1914
2483,1915
2488,1916
2499,1917
2501,1918
2500,1919
2505,1920
2521,1921
2518,1922
2476,1923
2481,1924
2504,1925
2517,1926
2516,1927
2537,1928
2485,1929
2514,1930
2531,1931
2639,1932
2666,1933
2625,1934
2627,1935
2624,1936
2648,1937
2640,1938
2653,1939
2652,1940
2663,1941
2643,1942
2646,1943
2673,1944
2667,1945
2697,1946
2691,1947
2690,1948
2702,1949
2679,1950
2694,1951
2709,1952
2712,1953
2707,1954
2711,1955
2703,1956
2637,1957
2634,1958
2543,1959
2577,1960
2601,1961
2615,1962
2592,1963
2606,1964
2609,1965
2594,1966
2600,1967
2620,1968
2608,1969
2621,1970
2614,1971
2630,1972
2623,1973
2645,1974
2688,1975
2698,1976
2671,1977
2680,1978
2487,1979
2477,1980
2480,1981
2491,1982
2506,1983
2526,1984
2502,1985
2515,1986
2542,1987
2490,1988
2492,1989
2494,1990
2510,1991
2513,1992
2528,1993
2534,1994
2544,1995
2546,1996
2489,1997
2512,1998
2533,1999
2555,2000
2497,2001
2508,2002
2559,2003
2580,2004
2563,2005
2584,2006
2579,2007
2566,2008
2585,2009
2574,2010
2529,2011
2530,2012
2545,2013
2558,2014
2482,2015
2498,2016
2522,2017
2525,2018
2541,2019
2556,2020
2552,2021
2509,2022
2524,2023
2553,2024
2599,2025
2613,2026
2598,2027
2612,2028
2622,2029
2576,2030
2575,2031
2591,2032
2605,2033
2565,2034
2582,2035
2573,2036
2593,2037
2603,2038
2581,2039
2642,2040
2659,2041
2669,2042
2683,2043
2631,2044
2638,2045
2658,2046
2677,2047
2689,2048
2619,2049
2626,2050
2650,2051
2672,2052
2684,2053
2644,2054
2654,2055
2661,2056
2670,2057
2674,2058
2662,2059
2668,2060
2676,2061
2617,2062
2636,2063
2633,2064
2618,2065
2651,2066
2805,2067
2822,2068
2849,2069
2803,2070
2818,2071
2834,2072
2836,2073
2904,2074
2903,2075
2920,2076
2933,2077
2906,2078
2913,2079
2931,2080
2941,2081
2914,2082
2930,2083
2791,2084
2734,2085
2734,2086
2790,2087
2769,2088
2728,2089
2788,2090
2872,2091
2855,2092
2886,2093
2801,2094
2823,2095
2856,2096
2876,2097
2901,2098
2895,2099
2827,2100
2866,2101
2793,2102
2824,2103
2905,2104
2925,2105
2832,2106
2864,2107
2861,2108
2885,2109
2896,2110
2909,2111
2922,2112
2752,2113
2774,2114
2741,2115
2760,2116
2737,2117
2746,2118
2758,2119
2722,2120
2731,2121
2739,2122
2749,2123
2756,2124
2767,2125
2772,2126
2727,2127
2751,2128
2782,2129
2798,2130
2819,2131
2851,2132
2766,2133
2770,2134
2789,2135
2814,2136
2844,2137
2850,2138
2794,2139
2815,2140
2820,2141
2842,2142
2854,2143
2883,2144
2826,2145
2848,2146
2852,2147
2858,2148
2889,2149
2908,2150
2918,2151
2939,2152
2879,2153
2893,2154
2912,2155
2924,2156
2897,2157
2911,2158
2915,2159
2927,2160
2715,2161
2718,2162
2720,2163
2733,2164
2750,2165
2735,2166
2764,2167
2729,2168
2726,2169
2736,2170
2757,2171
2784,2172
2813,2173
2817,2174
2853,2175
2754,2176
2773,2177
2786,2178
2804,2179
2845,2180
2880,2181
2759,2182
2781,2183
2740,2184
2745,2185
2762,2186
2779,2187
2776,2188
2796,2189
2721,2190
2724,2191
2738,2192
2753,2193
2761,2194
2765,2195
2787,2196
2797,2197
2792,2198
2902,2199
2910,2200
2934,2201
2946,2202
2949,2203
2951,2204
2809,2205
2799,2206
2839,2207
2835,2208
2857,2209
2881,2210
2898,2211
2921,2212
2923,2213
2929,2214
2938,2215
2943,2216
2948,2217
2947,2218
2868,2219
2942,2220
2937,2221
2957,2222
2966,2223
2952,2224
2955,2225
2961,2226
2970,2227
2954,2228
2976,2229
2991,2230
3024,2231
3022,2232
2977,2233
2988,2234
2989,2235
2972,2236
3005,2237
3021,2238
2997,2239
3006,2240
3018,2241
3025,2242
3002,2243
3011,2244
3023,2245
3019,2246
2994,2247
2982,2248
2984,2249
2974,2250
2985,2251
2995,2252
3004,2253
3017,2254
3020,2255
3016,2256
2953,2257
2958,2258
2965,2259
2973,2260
2987,2261
2998,2262
3013,2263
2992,2264
3014,2265
2993,2266
3001,2267
3009,2268
3071,2269
3068,2270
3084,2271
3092,2272
3099,2273
3108,2274
3443,2275
3062,2276
3067,2277
3087,2278
3094,2279
3100,2280
3104,2281
3116,2282
3433,2283
3439,2284
3440,2285
3449,2286
3454,2287
3472,2288
3051,2289
3060,2290
3063,2291
3076,2292
3093,2293
3114,2294
3429,2295
3436,2296
3451,2297
3452,2298
3464,2299
3073,2300
3086,2301
3109,2302
3425,2303
3438,2304
3447,2305
3448,2306
3460,2307
3466,2308
3471,2309
3477,2310
3042,2311
3046,2312
3054,2313
3053,2314
3061,2315
3134,2316
3154,2317
3176,2318
3181,2319
3188,2320
3201,2321
3200,2322
3207,2323
3540,2324
3565,2325
3450,2326
3465,2327
3035,2328
3041,2329
3043,2330
3052,2331
3050,2332
3122,2333
3132,2334
3148,2335
3158,2336
3186,2337
3198,2338
3205,2339
3202,2340
3537,2341
3547,2342
3560,2343
3575,2344
3029,2345
3036,2346
3121,2347
3135,2348
3156,2349
3165,2350
3182,2351
3026,2352
3034,2353
3049,2354
3123,2355
3127,2356
3146,2357
3160,2358
3166,2359
3194,2360
3500,2361
3508,2362
3524,2363
3532,2364
3551,2365
3541,2366
3553,2367
3568,2368
3578,2369
3585,2370
3468,2371
3478,2372
3031,2373
3118,2374
3119,2375
3124,2376
3139,2377
3153,2378
3163,2379
3177,2380
3192,2381
3513,2382
3526,2383
3545,2384
3577,2385
3584,2386
3210,2387
3211,2388
3215,2389
3221,2390
3227,2391
3240,2392
3252,2393
3268,2394
3149,2395
3482,2396
3504,2397
3515,2398
3542,2399
3548,2400
3564,2401
3581,2402
3583,2403
3680,2404
3223,2405
3237,2406
3238,2407
3253,2408
3278,2409
3483,2410
3491,2411
3498,2412
3516,2413
3519,2414
3546,2415
3559,2416
3660,2417
3672,2418
3216,2419
3226,2420
3230,2421
3245,2422
3288,2423
3293,2424
3488,2425
3503,2426
3523,2427
3224,2428
3239,2429
3244,2430
3271,2431
3276,2432
3286,2433
3289,2434
3292,2435
3486,2436
3320,2437
3502,2438
3530,2439
3653,2440
3574,2441
3656,2442
3661,2443
3665,2444
3670,2445
3676,2446
3690,2447
3629,2448
3231,2449
3265,2450
3287,2451
3300,2452
3313,2453
3324,2454
3328,2455
3335,2456
3338,2457
3649,2458
3654,2459
3659,2460
3658,2461
3664,2462
3669,2463
3668,2464
3683,2465
3689,2466
3594,2467
3612,2468
3251,2469
3266,2470
3281,2471
3296,2472
3308,2473
3327,2474
3331,2475
3343,2476
3354,2477
3358,2478
3673,2479
3263,2480
3277,2481
3295,2482
3294,2483
3309,2484
3317,2485
3325,2486
3330,2487
3337,2488
3348,2489
3346,2490
3357,2491
3359,2492
3360,2493
3371,2494
3382,2495
3687,2496
3587,2497
3597,2498
3606,2499
3623,2500
3628,2501
3644,2502
3319,2503
3326,2504
3334,2505
3340,2506
3344,2507
3352,2508
3361,2509
3363,2510
3369,2511
3375,2512
3390,2513
3392,2514
3592,2515
3403,2516
3602,2517
3620,2518
3618,2519
3635,2520
3366,2521
3372,2522
3388,2523
3405,2524
3368,2525
3376,2526
3389,2527
3398,2528
3406,2529
3603,2530
3614,2531
3387,2532
3408,2533
3601,2534
3386,2535
3391,2536
3394,2537
3407,2538
3409,2539
3411,2540
3414,2541
3643,2542
3396,2543
3410,2544
3420,2545
3422,2546
3423,2547
3697,2548
3704,2549
3706,2550
3717,2551
3809,2552
3814,2553
3831,2554
3696,2555
3698,2556
3703,2557
3707,2558
3710,2559
3714,2560
3800,2561
3803,2562
3807,2563
3812,2564
3821,2565
3824,2566
3836,2567
3869,2568
3868,2569
3870,2570
3954,2571
3955,2572
3957,2573
3960,2574
3962,2575
3965,2576
3968,2577
3973,2578
3692,2579
3722,2580
3735,2581
3736,2582
3751,2583
3752,2584
3758,2585
3764,2586
3770,2587
3769,2588
3768,2589
3782,2590
3783,2591
3781,2592
3785,2593
3793,2594
3791,2595
3795,2596
3797,2597
3801,2598
3799,2599
3802,2600
3811,2601
3810,2602
3832,2603
3835,2604
3857,2605
3861,2606
3894,2607
3897,2608
3916,2609
3956,2610
3958,2611
3959,2612
3961,2613
3963,2614
3966,2615
3967,2616
3719,2617
3720,2618
3734,2619
3742,2620
3744,2621
3749,2622
3753,2623
3762,2624
3779,2625
3792,2626
3808,2627
3829,2628
3833,2629
3840,2630
3725,2631
3743,2632
3755,2633
3763,2634
3798,2635
3871,2636
3876,2637
3884,2638
3901,2639
3903,2640
3917,2641
3921,2642
3925,2643
3931,2644
3932,2645
3964,2646
3969,2647
3872,2648
3882,2649
3885,2650
3906,2651
3913,2652
3923,2653
3922,2654
3926,2655
3927,2656
3928,2657
3930,2658
3929,2659
3934,2660
3935,2661
3937,2662
3938,2663
3971,2664
3972,2665
3974,2666
3977,2667
3979,2668
3939,2669
3941,2670
3942,2671
3943,2672
3944,2673
3874,2674
3886,2675
3900,2676
3915,2677
3914,2678
3919,2679
3920,2680
3924,2681
3933,2682
3936,2683
3940,2684
3945,2685
3946,2686
3947,2687
3948,2688
3949,2689
3950,2690
3951,2691
3952,2692
3953,2693
3970,2694
3981,2695
3975,2696
3976,2697
3978,2698
3980,2699
4262,2700
4329,2701
4264,2702
4265,2703
4269,2704
4292,2705
4320,2706
4345,2707
4353,2708
4355,2709
4357,2710
4361,2711
4263,2712
4364,2713
4270,2714
4284,2715
4339,2716
4266,2717
4267,2718
4319,2719
4342,2720
4352,2721
4356,2722
4242,2723
4244,2724
4246,2725
4249,2726
4250,2727
4252,2728
4254,2729
4257,2730
4255,2731
4258,2732
4260,2733
4261,2734
4016,2735
4033,2736
4050,2737
4060,2738
4081,2739
4103,2740
4102,2741
4125,2742
4127,2743
4132,2744
4146,2745
4147,2746
4167,2747
4172,2748
4186,2749
4185,2750
4195,2751
4198,2752
4247,2753
4207,2754
4248,2755
4253,2756
4256,2757
4259,2758
4358,2759
4359,2760
4360,2761
4362,2762
4363,2763
4008,2764
4015,2765
4040,2766
4061,2767
4087,2768
4094,2769
4101,2770
4119,2771
4129,2772
4142,2773
4151,2774
4152,2775
4177,2776
4175,2777
4191,2778
4188,2779
4204,2780
4213,2781
4216,2782
4225,2783
4000,2784
4006,2785
4019,2786
4037,2787
4047,2788
4056,2789
4078,2790
4084,2791
4090,2792
4098,2793
4099,2794
4108,2795
4111,2796
4116,2797
4118,2798
4120,2799
4128,2800
4130,2801
4141,2802
4140,2803
4148,2804
4150,2805
4155,2806
4159,2807
4158,2808
4162,2809
4169,2810
4171,2811
4173,2812
4178,2813
4180,2814
4183,2815
4193,2816
4200,2817
4201,2818
4209,2819
4219,2820
4220,2821
4224,2822
4231,2823
4005,2824
4001,2825
4012,2826
4018,2827
4029,2828
4030,2829
4042,2830
4044,2831
4059,2832
4076,2833
4088,2834
4095,2835
4104,2836
4117,2837
4144,2838
4156,2839
4163,2840
4170,2841
4164,2842
4197,2843
4212,2844
4211,2845
4215,2846
4217,2847
4218,2848
4221,2849
4223,2850
4226,2851
4227,2852
4228,2853
4233,2854
4235,2855
4232,2856
4234,2857
4236,2858
4237,2859
4238,2860
4240,2861
3982,2862
3987,2863
3989,2864
4002,2865
3998,2866
4003,2867
4011,2868
4021,2869
4026,2870
4027,2871
4031,2872
4052,2873
4045,2874
4067,2875
3983,2876
3997,2877
3996,2878
4017,2879
4014,2880
4041,2881
4365,2882
4379,2883
4410,2884
4366,2885
4367,2886
4374,2887
4368,2888
4373,2889
4393,2890
4369,2891
4370,2892
4371,2893
4376,2894
4389,2895
4383,2896
4392,2897
4408,2898
4411,2899
4416,2900
4567,2901
4572,2902
4573,2903
4377,2904
4375,2905
4378,2906
4382,2907
4388,2908
4390,2909
4381,2910
4396,2911
4398,2912
4397,2913
4400,2914
4402,2915
4403,2916
4404,2917
4405,2918
4406,2919
4415,2920
4467,2921
4489,2922
4487,2923
4495,2924
4511,2925
4508,2926
4517,2927
4522,2928
4526,2929
4417,2930
4426,2931
4437,2932
4448,2933
4450,2934
4458,2935
4460,2936
4465,2937
4470,2938
4476,2939
4475,2940
4478,2941
4481,2942
4483,2943
4488,2944
4492,2945
4494,2946
4496,2947
4499,2948
4504,2949
4503,2950
4509,2951
4510,2952
4518,2953
4525,2954
4527,2955
4419,2956
4421,2957
4422,2958
4434,2959
4446,2960
4431,2961
4451,2962
4455,2963
4461,2964
4466,2965
4471,2966
4479,2967
4529,2968
4531,2969
4532,2970
4539,2971
4552,2972
4555,2973
4497,2974
4498,2975
4502,2976
4521,2977
4424,2978
4429,2979
4438,2980
4453,2981
4459,2982
4462,2983
4528,2984
4530,2985
4533,2986
4540,2987
4545,2988
4547,2989
4553,2990
4554,2991
4549,2992
4558,2993
4562,2994
4566,2995
4575,2996
4578,2997
4585,2998
4590,2999
4595,3000
4597,3001
4576,3002
4580,3003
4582,3004
4584,3005
4587,3006
4589,3007
4593,3008
4581,3009
4583,3010
4588,3011
4591,3012
4592,3013
4596,3014
4577,3015
4586,3016
4594,3017
